GEOID,ANSICODE,NAME,ALAND,AWATER,ALAND_SQMI,AWATER_SQMI,INTPTLAT,INTPTLONG
0010,01934337,Acoma Off-Reservation Trust Land,476750633,94718,184.074,0.037,34.605881,-107.677641
0010,01934337,Acoma Pueblo,1065694863,331928,411.467,0.128,34.866771,-107.688878
0020,01934324,Agua Caliente Indian Reservation,126774414,753666,48.948,0.291,33.787734,-116.532012
0020,01934324,Agua Caliente Off-Reservation Trust Land,14776718,0,5.705,0.,33.74171,-116.564765
0050,01350923,Alabama-Coushatta Off-Reservation Trust Land,18307192,0,7.068,0.,30.709181,-94.65502
0050,01350923,Alabama-Coushatta Reservation,18437650,83761,7.119,0.032,30.733403,-94.710048
0080,00978667,Allegany Reservation,105881140,19755258,40.881,7.628,42.124118,-78.670416
0095,00218194,Alturas Indian Rancheria,100606,0,0.039,0.,41.477654,-120.524404
0110,01934114,Annette Island Reserve,343944584,333894138,132.798,128.917,55.138352,-131.470425
0115,02562463,Aroostook Band of Micmac Trust Land,4235781,0,1.635,0.,46.920245,-67.887306
0120,00218454,Auburn Off-Reservation Trust Land,4303768,0,1.662,0.,39.022875,-121.324384
0120,00218454,Auburn Rancheria,279781,0,0.108,0.,38.840352,-121.314821
0125,00238830,Augustine Reservation,2271942,0,0.877,0.,33.649863,-116.191202
0140,01577209,Bad River Reservation,499243445,9998339,192.759,3.86,46.521483,-90.66549
0155,00255962,Barona Off-Reservation Trust Land,5200226,0,2.008,0.,32.939633,-116.8393
0155,00255962,Barona Reservation,23797877,0,9.188,0.,32.955706,-116.844302
0165,00838653,Battle Mountain Off-Reservation Trust Land,6030,0,0.002,0.,40.652337,-116.964465
0165,00838653,Battle Mountain Reservation,2727590,0,1.053,0.,40.664247,-116.969856
0170,01622234,Bay Mills Off-Reservation Trust Land,88291,0,0.034,0.,46.459864,-84.727067
0170,01622234,Bay Mills Reservation,14165866,291386,5.469,0.113,46.446337,-84.610022
0185,02419307,Benton Paiute Off-Reservation Trust Land,871283,0,0.336,0.,37.786522,-118.522741
0185,02419307,Benton Paiute Reservation,625276,0,0.241,0.,37.793445,-118.520935
0200,00256849,Berry Creek Off-Reservation Trust Land,285954,0,0.11,0.,39.50237,-121.504449
0200,00256849,Berry Creek Rancheria,155925,0,0.06,0.,39.625609,-121.327883
0215,00256889,Big Bend Rancheria,182728,0,0.071,0.,41.026421,-121.918896
0225,01934321,Big Cypress Reservation,213101696,262023,82.279,0.101,26.299866,-80.960458
0240,00219211,Big Lagoon Rancheria,21072,0,0.008,0.,41.164259,-124.120788
0250,00256983,Big Pine Off-Reservation Trust Land,60027,0,0.023,0.,37.166975,-118.277062
0250,00256983,Big Pine Reservation,1120996,0,0.433,0.,37.15896,-118.285065
0265,01667416,Big Sandy Off-Reservation Trust Land,311957,0,0.12,0.,37.093133,-119.469489
0265,01667416,Big Sandy Rancheria,1064142,0,0.411,0.,37.083049,-119.46437
0275,00219277,Big Valley Rancheria,482651,0,0.186,0.,39.020365,-122.887141
0290,00264455,Bishop Reservation,3503000,34784,1.353,0.013,37.364413,-118.420485
0305,00806895,Blackfeet Indian Reservation,6142817009,71204928,2371.755,27.492,48.651288,-112.891248
0305,00806895,Blackfeet Off-Reservation Trust Land,300363,0,0.116,0.,48.182019,-112.830326
0325,02419316,Blue Lake Off-Reservation Trust Land,200342,9060,0.077,0.003,40.884478,-124.002386
0325,02419316,Blue Lake Rancheria,136714,0,0.053,0.,40.883345,-123.998019
0335,02105053,Bois Forte Off-Reservation Trust Land,5451651,0,2.105,0.,47.824367,-92.357009
0335,02105053,Bois Forte Reservation,517130803,31548529,199.665,12.181,48.052388,-93.253597
0350,02419320,Bridgeport Off-Reservation Trust Land,157206,0,0.061,0.,38.266683,-119.219838
0350,02419320,Bridgeport Reservation,175286,0,0.068,0.,38.266492,-119.21564
0360,00300151,Brighton Reservation,147956903,58129,57.126,0.022,27.094819,-81.054467
0400,01118340,Burns Paiute Indian Colony,3309646,0,1.278,0.,43.602683,-119.063895
0400,01118340,Burns Paiute Off-Reservation Trust Land,45763725,67875,17.669,0.026,43.547219,-118.791242
0415,01985192,Cabazon Reservation,7719150,0,2.98,0.,33.687493,-116.168764
0435,00270144,Cahuilla Reservation,74936002,0,28.933,0.,33.520243,-116.711755
0440,00848690,Campbell Ranch,6708986,0,2.59,0.,39.078195,-119.208243
0450,00270242,Campo Indian Reservation,66733613,0,25.766,0.,32.673641,-116.363261
0495,00240225,Capitan Grande Reservation,64429163,832,24.876,0.,32.922997,-116.754334
0510,00859157,Carson Colony,730858,0,0.282,0.,39.139341,-119.775711
0525,01233634,Catawba Reservation,4082164,0,1.576,0.,34.908355,-80.88148
0540,00978804,Cattaraugus Reservation,86904287,2226868,33.554,0.86,42.538243,-79.009833
0555,00220808,Cedarville Off-Reservation Trust Land,45732,0,0.018,0.,41.527937,-120.181988
0555,00220808,Cedarville Rancheria,94077,0,0.036,0.,41.52625,-120.183722
0560,02419333,Celilo Village,460479,0,0.178,0.,45.644595,-120.966261
0575,01503930,Chehalis Off-Reservation Trust Land,4546361,38776,1.755,0.015,46.824252,-123.164698
0575,01503930,Chehalis Reservation,17634256,631336,6.809,0.244,46.81855,-123.206336
0585,00255956,Chemehuevi Reservation,124704951,0,48.149,0.,34.494572,-114.461156
0605,01267254,Cheyenne River Off-Reservation Trust Land,17703287,2842475,6.835,1.097,44.282694,-100.435861
0605,01267254,Cheyenne River Reservation,11030954111,393802898,4259.075,152.048,45.087748,-101.237588
0620,02419337,Chicken Ranch Off-Reservation Trust Land,79259,0,0.031,0.,37.927405,-120.448965
0620,02419337,Chicken Ranch Rancheria,28868,0,0.011,0.,37.928494,-120.452142
0635,02419340,Chitimacha Reservation,1819459,0,0.702,0.,29.883662,-91.53118
0680,00937176,Pueblo de Cochiti,207828421,4836770,80.243,1.867,35.61033,-106.314826
0690,02418876,Coconut Creek Trust Land,24456,1388,0.009,0.001,26.277572,-80.199856
0695,00003089,Cocopah Reservation,26004883,76159,10.041,0.029,32.614353,-114.799306
0705,00395231,Coeur d'Alene Reservation,1356759396,32638325,523.848,12.602,47.295621,-116.825597
0720,00276284,Cold Springs Rancheria,416760,0,0.161,0.,36.971586,-119.324232
0735,00022753,Colorado River Indian Reservation,1184821956,17306777,457.462,6.682,33.939113,-114.388115
0750,02418877,Colusa Rancheria,1028551,0,0.397,0.,39.253865,-122.024038
0760,01529464,Colville Off-Reservation Trust Land,579829,23757,0.224,0.009,47.883504,-120.134828
0760,01529464,Colville Reservation,5479870584,179044480,2115.79,69.129,48.243911,-118.871907
0770,02418879,Coos, Lower Umpqua, and Siuslaw Off-Reservation Trust Land,494199,6823,0.191,0.003,43.981138,-124.086595
0770,02418879,Coos, Lower Umpqua, and Siuslaw Reservation,82966,2912,0.032,0.001,42.810366,-124.447601
0775,02418881,Coquille Reservation,26108640,102615,10.081,0.04,43.073524,-123.910143
0780,00221603,Cortina Indian Rancheria,3077780,0,1.188,0.,39.018296,-122.290411
0795,00545438,Coushatta Off-Reservation Trust Land,1704711,18952,0.658,0.007,30.544749,-92.816831
0795,00545438,Coushatta Reservation,2983359,0,1.152,0.,30.53211,-92.798727
0815,02418898,Cow Creek Off-Reservation Trust Land,3976920,0,1.535,0.,42.946571,-123.308294
0815,02418898,Cow Creek Reservation,14373535,0,5.55,0.,42.938978,-123.252931
0820,02772245,Cowlitz Reservation,671536,0,0.259,0.,45.851715,-122.70783
0825,01985199,Coyote Valley Reservation,347178,0,0.134,0.,39.254183,-123.208917
0845,00806896,Crow Off-Reservation Trust Land,81288003,388787,31.385,0.15,45.203819,-107.017075
0845,00806896,Crow Reservation,9232390195,29601401,3564.646,11.429,45.398503,-107.712868
0855,01267067,Crow Creek Reservation,1094324660,100590102,422.521,38.838,44.126756,-99.463667
0940,00862214,Dresslerville Colony,3226855,0,1.246,0.,38.903803,-119.71157
0955,00222639,Dry Creek Off-Reservation Trust Land,74568,0,0.029,0.,38.700898,-122.86064
0955,00222639,Dry Creek Rancheria,326069,0,0.126,0.,38.702497,-122.856496
0965,00858264,Duck Valley Reservation,1166983077,5248490,450.575,2.026,41.995269,-116.183786
0975,00845441,Duckwater Reservation,16137153,57666,6.231,0.022,38.927055,-115.70882
0990,01018039,Eastern Cherokee Reservation,211483424,47477,81.654,0.018,35.440507,-83.384204
1005,00856239,Elko Colony,781013,0,0.302,0.,40.850687,-115.765395
1010,01657318,Elk Valley Off-Reservation Trust Land,1586786,0,0.613,0.,41.760397,-124.147357
1010,01657318,Elk Valley Rancheria,361182,0,0.139,0.,41.760326,-124.156507
1040,00859672,Ely Reservation,14629585,0,5.649,0.,39.1561,-115.013166
1055,00259950,Enterprise Off-Reservation Trust Land,166809,0,0.064,0.,39.050707,-121.512795
1055,00259950,Enterprise Rancheria,168285,0,0.065,0.,39.561638,-121.35548
1065,00241187,Ewiiaapaayp Reservation,22139262,0,8.548,0.,32.841633,-116.385655
1070,00850495,Fallon Paiute-Shoshone Colony,234279,0,0.09,0.,39.484796,-118.760693
1070,00850495,Fallon Paiute-Shoshone Off-Reservation Trust Land,207008,0,0.08,0.,39.477243,-118.771338
1075,00840414,Fallon Paiute-Shoshone Off-Reservation Trust Land,646923,0,0.25,0.,39.522863,-118.57948
1075,00840414,Fallon Paiute-Shoshone Reservation,33125605,0,12.79,0.,39.521002,-118.618146
1100,01934365,Flandreau Reservation,8973397,86662,3.465,0.033,44.083963,-96.589693
1110,00806894,Flathead Reservation,5013467050,316267876,1935.711,122.112,47.49677,-114.284279
1125,00654521,Fond du Lac Off-Reservation Trust Land,1406265,13353,0.543,0.005,46.35453,-91.794533
1125,00654521,Fond du Lac Reservation,398798204,12656681,153.977,4.887,46.746004,-92.637931
1135,02418936,Forest County Potawatomi Community,49985758,175489,19.3,0.068,45.492633,-88.620601
1135,02418936,Forest County Potawatomi Off-Reservation Trust Land,3747969,10,1.447,0.,45.466848,-88.659323
1140,00004741,Fort Apache Reservation,6799287819,15508274,2625.22,5.988,33.941472,-110.136137
1150,00767938,Fort Belknap Off-Reservation Trust Land,116801788,341661,45.097,0.132,48.078711,-108.962574
1150,00767938,Fort Belknap Reservation,2511630529,9521412,969.746,3.676,48.20199,-108.630473
1160,01934325,Fort Berthold Reservation,3416489611,682466485,1319.114,263.502,47.769674,-102.296778
1170,00260275,Fort Bidwell Off-Reservation Trust Land,342312,0,0.132,0.,41.846991,-120.176531
1170,00260275,Fort Bidwell Reservation,13858177,14695,5.351,0.006,41.864077,-120.19318
1185,00399059,Fort Hall Off-Reservation Trust Land,1081229,987161,0.417,0.381,42.901439,-111.966199
1185,00399059,Fort Hall Reservation,2107598953,106370522,813.749,41.07,42.968171,-112.364866
1195,00260277,Fort Independence Reservation,2261362,0,0.873,0.,36.841118,-118.228936
1210,00859740,Fort McDermitt Indian Reservation,140874984,0,54.392,0.,41.955742,-117.658418
1220,00036978,Fort McDowell Yavapai Nation Reservation,99906300,934540,38.574,0.361,33.646163,-111.659895
1235,00024003,Fort Mojave Off-Reservation Trust Land,201955,11714,0.078,0.005,34.85194,-114.615825
1235,00024003,Fort Mojave Reservation,133535365,2778031,51.558,1.073,34.938272,-114.614511
1250,00805884,Fort Peck Indian Reservation,8516690163,35225904,3288.313,13.601,48.367538,-105.529709
1250,00805884,Fort Peck Off-Reservation Trust Land,948678,0,0.366,0.,48.14484,-104.597678
1260,02418940,Fort Pierce Reservation,244942,0,0.095,0.,27.402103,-80.434891
1270,02711352,Fort Sill Apache Indian Reservation,121466,0,0.047,0.,32.241491,-107.421431
1280,00242378,Fort Yuma Indian Reservation,178580595,3609004,68.95,1.393,32.796643,-114.676198
1310,00023998,Gila River Indian Reservation,1510974466,937536,583.391,0.362,33.150891,-111.931496
1340,01455300,Goshute Reservation,486449507,13114,187.819,0.005,39.868969,-114.074069
1355,00654523,Grand Portage Off-Reservation Trust Land,145754,0,0.056,0.,47.886713,-89.871018
1355,00654523,Grand Portage Reservation,192573175,3200852,74.353,1.236,47.965288,-89.737133
1365,02418950,Grand Ronde Community,41539443,0,16.038,0.,45.148791,-123.645978
1365,02418950,Grand Ronde Off-Reservation Trust Land,4815379,0,1.859,0.,45.077944,-123.61069
1370,02418951,Grand Traverse Off-Reservation Trust Land,3283922,0,1.268,0.,45.020534,-85.63091
1370,02418951,Grand Traverse Reservation,74273,0,0.029,0.,45.019964,-85.605696
1380,01666180,Greenville Rancheria,284692,0,0.11,0.,40.148784,-120.893399
1395,00266781,Grindstone Indian Rancheria,326144,22791,0.126,0.009,39.672688,-122.517608
1400,00224709,Guidiville Off-Reservation Trust Land,9493,0,0.004,0.,39.139044,-123.148502
1400,00224709,Guidiville Rancheria,175438,0,0.068,0.,39.165431,-123.16994
1410,01616983,Hannahville Indian Community,14424818,0,5.569,0.,45.779431,-87.433344
1410,01616983,Hannahville Off-Reservation Trust Land,9250376,0,3.572,0.,45.684531,-87.341992
1440,00045638,Havasupai Reservation,714400025,0,275.831,0.,36.160989,-112.613439
1450,02418963,Ho-Chunk Nation Off-Reservation Trust Land,32395308,175961,12.508,0.068,44.861826,-89.152124
1450,02418963,Ho-Chunk Nation Reservation,8887613,72893,3.432,0.028,43.363041,-89.755437
1460,01505548,Hoh Indian Reservation,1769173,12010,0.683,0.005,47.739964,-124.421711
1460,01505548,Hoh Off-Reservation Trust Land,1755019,0,0.678,0.,47.735091,-124.396328
1475,00284183,Hollywood Reservation,1991518,56408,0.769,0.022,26.041869,-80.212038
1490,00251972,Hoopa Valley Reservation,364418755,2369202,140.703,0.915,41.093371,-123.673442
1505,00024001,Hopi Off-Reservation Trust Land,683834,0,0.264,0.,35.034691,-110.74845
1505,00024001,Hopi Reservation,6557654665,2407606,2531.925,0.93,35.922349,-110.608367
1515,00225577,Hopland Rancheria,8151731,3794,3.147,0.001,38.999571,-123.038384
1530,02418969,Houlton Maliseet Off-Reservation Trust Land,1651205,0,0.638,0.,46.188832,-67.805941
1530,02418969,Houlton Maliseet Reservation,3321528,22653,1.282,0.009,46.180696,-67.814694
1545,00045633,Hualapai Indian Reservation,4121300345,8118425,1591.243,3.135,35.509501,-113.401013
1545,00045633,Hualapai Off-Reservation Trust Land,28178717,0,10.88,0.,35.687513,-113.889236
1550,02109298,Huron Potawatomi Off-Reservation Trust Land,341470,0,0.132,0.,42.29646,-85.074847
1550,02109298,Huron Potawatomi Reservation,502198,18193,0.194,0.007,42.104887,-85.261407
1555,02418972,Immokalee Reservation,2513942,21068,0.971,0.008,26.402626,-81.413469
1560,00243797,Inaja and Cosmit Reservation,3484656,0,1.345,0.,33.010512,-116.641643
1575,02418973,Indian Township Reservation,97216884,17867564,37.536,6.899,45.289867,-67.61935
1590,00479831,Iowa (KS-NE) Off-Reservation Trust Land,639440,0,0.247,0.,39.968936,-95.382153
1590,00479831,Iowa (KS-NE) Reservation,50884153,15537,19.646,0.006,39.997169,-95.382319
1610,01616981,Isabella Off-Reservation Trust Land,4249349,27650,1.641,0.011,43.921956,-83.922387
1610,01616981,Isabella Reservation,560580958,4425892,216.442,1.709,43.676112,-84.780745
1625,01934338,Isleta Pueblo,855026227,2052388,330.127,0.792,34.891384,-106.666203
1640,00226085,Jackson Rancheria,1185630,0,0.458,0.,38.384866,-120.722627
1655,02418978,Jamestown S'Klallam Off-Reservation Trust Land,1092511,18775,0.422,0.007,48.119267,-123.172969
1655,02418978,Jamestown S'Klallam Reservation,46014,15832,0.018,0.006,48.022373,-123.011053
1670,02418979,Jamul Indian Village,59534,0,0.023,0.,32.702651,-116.870852
1685,00916031,Jemez Pueblo,361712282,13020,139.658,0.005,35.759354,-106.882109
1690,02453210,Jena Band of Choctaw Reservation,262652,0,0.101,0.,31.438102,-92.497824
1700,01934339,Jicarilla Apache Nation Off-Reservation Trust Land,142644302,450551,55.075,0.174,36.874812,-106.495864
1700,01934339,Jicarilla Apache Nation Reservation,3405649424,10114630,1314.929,3.905,36.554536,-107.067711
1720,00023994,Kaibab Indian Reservation,489295383,19920,188.918,0.008,36.909709,-112.667302
1735,01528426,Kalispel Off-Reservation Trust Land,9623517,187920,3.716,0.073,48.403656,-117.308334
1735,01528426,Kalispel Reservation,18911568,310450,7.302,0.12,48.356477,-117.276365
1750,02418982,Karuk Off-Reservation Trust Land,3807111,62856,1.47,0.024,41.804051,-123.358426
1750,02418982,Karuk Reservation,67101,0,0.026,0.,41.800931,-123.376732
1770,00479833,Kickapoo (KS) Reservation,611934197,1457962,236.269,0.563,39.674648,-95.610927
1775,02418986,Kickapoo (TX) Off-Reservation Trust Land,335153,0,0.129,0.,28.612404,-100.434657
1775,02418986,Kickapoo (TX) Reservation,498226,1492,0.192,0.001,28.610032,-100.43757
1785,02418990,Klamath Reservation,1287196,0,0.497,0.,42.535168,-121.880253
1800,00394860,Kootenai Off-Reservation Trust Land,11906037,229787,4.597,0.089,48.826784,-116.376634
1800,00394860,Kootenai Reservation,90698,0,0.035,0.,48.707748,-116.36983
1815,01577192,Lac Courte Oreilles Off-Reservation Trust Land,2731411,56225,1.055,0.022,45.990898,-91.374893
1815,01577192,Lac Courte Oreilles Reservation,277749876,41304343,107.24,15.948,45.881157,-91.330564
1825,01580845,Lac du Flambeau Reservation,277303839,73007138,107.068,28.188,45.984799,-89.879284
1830,02418993,Lac Vieux Desert Reservation,1084321,0,0.419,0.,46.282524,-89.175918
1840,01934340,Laguna Off-Reservation Trust Land,39155952,169266,15.118,0.065,35.265611,-107.474316
1840,01934340,Laguna Pueblo,1988907832,2068002,767.922,0.798,35.027145,-107.234002
1850,00271928,La Jolla Reservation,34958046,0,13.497,0.,33.265036,-116.849704
1860,01934336,Lake Traverse Off-Reservation Trust Land,562744,0,0.217,0.,45.941213,-96.826916
1860,01934336,Lake Traverse Reservation,3753413749,153527287,1449.201,59.277,45.643635,-97.092371
1880,01616978,L'Anse Off-Reservation Trust Land,362714,0,0.14,0.,46.739758,-88.429463
1880,01616978,L'Anse Reservation,237865009,46825041,91.84,18.079,46.780012,-88.370157
1895,00255947,La Posta Indian Reservation,16560558,0,6.394,0.,32.734509,-116.391249
1915,00853945,Las Vegas Indian Colony,15849278,0,6.119,0.,36.349983,-115.340405
1925,00226975,Laytonville Rancheria,788337,0,0.304,0.,39.66929,-123.500682
1940,00659096,Leech Lake Off-Reservation Trust Land,216159,38150,0.083,0.015,47.27072,-93.94611
1940,00659096,Leech Lake Reservation,2521322954,872818486,973.488,336.997,47.357815,-94.250468
1955,00276402,Likely Rancheria,6237,0,0.002,0.,41.204769,-120.478831
1960,02418998,Little River Off-Reservation Trust Land,3905792,0,1.508,0.,43.942385,-86.238369
1960,02418998,Little River Reservation,702364,7307,0.271,0.003,44.286276,-86.24874
1963,02419000,Little Traverse Bay Off-Reservation Trust Land,2604575,9574,1.006,0.004,45.698486,-84.810903
1963,02419000,Little Traverse Bay Reservation,2236756,928,0.864,0.,45.354375,-84.978622
1970,00275865,Lone Pine Reservation,952613,0,0.368,0.,36.596883,-118.056042
1980,00227643,Lookout Rancheria,163356,0,0.063,0.,41.213876,-121.093398
1995,00272219,Los Coyotes Reservation,101560614,0,39.213,0.,33.297698,-116.55602
2015,00850417,Lovelock Indian Colony,83593,0,0.032,0.,40.1739,-118.483211
2030,01267015,Lower Brule Off-Reservation Trust Land,14565492,0,5.624,0.,44.184618,-100.174876
2030,01267015,Lower Brule Reservation,874857752,119530276,337.784,46.151,44.092308,-99.755874
2040,01528424,Lower Elwha Off-Reservation Trust Land,3878653,24871,1.498,0.01,48.128844,-123.548618
2040,01528424,Lower Elwha Reservation,3279120,203884,1.266,0.079,48.146845,-123.558528
2055,00647264,Lower Sioux Indian Community,6962148,124999,2.688,0.048,44.530848,-94.990519
2070,01511578,Lummi Reservation,54064326,43297721,20.874,16.717,48.767362,-122.637845
2075,00227877,Lytton Rancheria,21937,0,0.008,0.,37.952576,-122.334403
2085,01511577,Makah Indian Reservation,121171546,599608,46.785,0.232,48.333855,-124.635404
2100,01985200,Manchester-Point Arena Rancheria,1524368,0,0.589,0.,38.93569,-123.682571
2115,00245463,Manzanita Off-Reservation Trust Land,11818,0,0.005,0.,32.749321,-116.377914
2115,00245463,Manzanita Reservation,18572897,0,7.171,0.,32.754717,-116.346112
2130,00023997,Maricopa (Ak Chin) Indian Reservation,84992720,0,32.816,0.,33.00793,-112.041973
2130,00023997,Maricopa (Ak Chin) Off-Reservation Trust Land,1268407,19164,0.49,0.007,33.081848,-112.085925
2145,00212541,Mashantucket Pequot Off-Reservation Trust Land,1159790,0,0.448,0.,41.450992,-71.972601
2145,00212541,Mashantucket Pequot Reservation,5454689,0,2.106,0.,41.466053,-71.974703
2147,02786720,Mashpee Wampanoag Trust Land,1276676,16972,0.493,0.007,41.639108,-70.475443
2150,02547776,Match-e-be-nash-she-wish Band of Pottawatomi Off-Reservation Trust Land,1666662,52672,0.644,0.02,42.641419,-85.657502
2150,02547776,Match-e-be-nash-she-wish Band of Pottawatomi Reservation,632867,0,0.244,0.,42.634065,-85.657207
2175,01831784,Menominee Off-Reservation Trust Land,5072823,4848,1.959,0.002,44.933608,-88.743066
2175,01831784,Menominee Reservation,915522063,19016881,353.485,7.342,44.991304,-88.669251
2190,02419013,Mesa Grande Reservation,7058522,0,2.725,0.,33.093169,-116.742366
2205,00924240,Mescalero Reservation,1862762810,1469791,719.217,0.567,33.176135,-105.583242
2240,00307483,Miccosukee Off-Reservation Trust Land,20422139,70080,7.885,0.027,26.308668,-81.08953
2240,00307483,Miccosukee Reservation,331773283,372498,128.098,0.144,26.06377,-80.822448
2255,00228627,Middletown Rancheria,489059,0,0.189,0.,38.728676,-122.625847
2270,02419017,Mille Lacs Off-Reservation Trust Land,5854123,34165,2.26,0.013,46.006688,-92.534267
2270,02419017,Mille Lacs Reservation,249849629,162768673,96.467,62.845,46.130023,-93.596508
2285,02419018,Minnesota Chippewa Trust Land,1162890,0,0.449,0.,46.989125,-94.036982
2300,00685014,Mississippi Choctaw Off-Reservation Trust Land,14211873,43919,5.487,0.017,32.800803,-89.26921
2300,00685014,Mississippi Choctaw Reservation,121624768,254181,46.96,0.098,32.77344,-88.684284
2315,00845336,Moapa River Indian Reservation,287401206,0,110.966,0.,36.57003,-114.742348
2320,02419022,Mohegan Off-Reservation Trust Land,689785,123,0.266,0.,41.497778,-72.086088
2320,02419022,Mohegan Reservation,1767260,0,0.682,0.,41.490092,-72.094054
2330,00263771,Montgomery Creek Rancheria,311113,0,0.12,0.,40.834187,-121.915658
2340,02419023,Mooretown Off-Reservation Trust Land,1065555,0,0.411,0.,39.469616,-121.518774
2340,02419023,Mooretown Rancheria,132045,0,0.051,0.,39.467074,-121.519726
2360,00255940,Morongo Off-Reservation Trust Land,163202,0,0.063,0.,33.901538,-116.795896
2360,00255940,Morongo Reservation,138331505,326157,53.41,0.126,33.965609,-116.81745
2375,01533394,Muckleshoot Off-Reservation Trust Land,300063,1829,0.116,0.001,47.263304,-122.135753
2375,01533394,Muckleshoot Reservation,14996235,601218,5.79,0.232,47.262314,-122.149368
2400,00918263,Nambe Off-Reservation Trust Land,748650,0,0.289,0.,35.851112,-105.823741
2400,00918263,Nambe Pueblo,83061773,113166,32.07,0.044,35.870232,-105.920165
2415,02030138,Narragansett Reservation,8325238,5485,3.214,0.002,41.416548,-71.674348
2430,00041148,Navajo Nation Off-Reservation Trust Land,4899746679,1825063,1891.803,0.705,35.779871,-108.173762
2430,00041148,Navajo Nation Reservation,57604566629,59775516,22241.248,23.079,36.2061,-109.910842
2445,00399588,Nez Perce Reservation,3091837192,27162611,1193.765,10.488,46.306187,-116.400289
2460,01528422,Nisqually Reservation,20459601,808115,7.899,0.312,47.020937,-122.660674
2475,02419035,Nooksack Off-Reservation Trust Land,11359433,235139,4.386,0.091,48.806768,-122.187685
2475,02419035,Nooksack Reservation,29191,0,0.011,0.,48.824143,-122.214271
2490,01637567,Northern Cheyenne Indian Reservation,1805463917,300819,697.094,0.116,45.550795,-106.676407
2490,01637567,Northern Cheyenne Off-Reservation Trust Land,25508256,31616,9.849,0.012,45.378442,-106.655006
2495,02419036,North Fork Off-Reservation Trust Land,669353,0,0.258,0.,37.227745,-119.480573
2495,02419036,North Fork Rancheria,267979,0,0.103,0.,37.227501,-119.513528
2505,01455571,Northwestern Shoshone Reservation,787666,0,0.304,0.,41.945806,-112.234863
2510,01934344,Ohkay Owingeh,68397946,787290,26.409,0.304,36.05328,-106.071737
2535,00959239,Oil Springs Reservation,2487842,28100,0.961,0.011,42.231299,-78.302818
2550,00834985,Omaha Reservation,795209806,7669505,307.032,2.961,42.096891,-96.53065
2555,02419043,Oneida Nation Reservation,212697,0,0.082,0.,43.040721,-75.619017
2560,01577191,Oneida (WI) Off-Reservation Trust Land,91206,0,0.035,0.,44.584732,-88.223311
2560,01577191,Oneida (WI) Reservation,264745293,332210,102.219,0.128,44.489587,-88.199731
2570,00979312,Onondaga Nation Reservation,23950722,119791,9.247,0.046,42.926508,-76.153224
2580,01934329,Ontonagon Reservation,9679643,0,3.737,0.,46.973953,-89.103237
2595,01100113,Osage Reservation,5818542002,148734983,2246.552,57.427,36.624299,-96.408112
2625,01436088,Paiute (UT) Reservation,131123545,29024,50.627,0.011,37.170176,-113.78327
2635,00272502,Pala Reservation,52706185,0,20.35,0.,33.359309,-117.046814
2680,02419049,Pascua Pueblo Yaqui Off-Reservation Trust Land,5441989,0,2.101,0.,32.118289,-111.078367
2680,02419049,Pascua Pueblo Yaqui Reservation,3621547,0,1.398,0.,32.111715,-111.08211
2685,02419050,Paskenta Rancheria,8662058,9053,3.344,0.003,39.867423,-122.227276
2695,02419052,Passamaquoddy Trust Land,373284562,15429335,144.126,5.957,44.799093,-67.771075
2715,00272896,Pauma and Yuima Reservation,24252286,0,9.364,0.,33.363216,-116.95495
2745,00272911,Pechanga Reservation,18159528,6136,7.011,0.002,33.44037,-117.048266
2760,00582669,Penobscot Off-Reservation Trust Land,377285032,20006248,145.671,7.724,45.314312,-68.139945
2760,00582669,Penobscot Reservation,19622632,38211557,7.576,14.754,44.951383,-68.696374
2775,01670201,Picayune Off-Reservation Trust Land,504904,1787,0.195,0.001,37.211072,-119.701735
2775,01670201,Picayune Rancheria,280520,0,0.108,0.,37.212017,-119.69555
2785,01934341,Picuris Pueblo,70893924,7083,27.372,0.003,36.200284,-105.709467
2810,01263144,Pine Ridge Reservation,11247588714,27448125,4342.718,10.598,43.345,-102.081866
2820,00230747,Pinoleville Rancheria,421979,0,0.163,0.,39.180186,-123.217798
2835,02419056,Pit River Trust Land,1086963,522,0.42,0.,40.864465,-121.676677
2850,00573503,Pleasant Point Reservation,1462308,1055605,0.565,0.408,44.95493,-67.043085
2865,02419057,Poarch Creek Off-Reservation Trust Land,536310,0,0.207,0.,31.098893,-87.563574
2865,02419057,Poarch Creek Reservation,1071074,7844,0.414,0.003,31.105934,-87.564654
2890,02419058,Pokagon Off-Reservation Trust Land,11112741,189691,4.291,0.073,41.94062,-86.179104
2890,02419058,Pokagon Reservation,2709373,12445,1.046,0.005,41.777084,-86.714602
2900,02419061,Ponca (NE) Trust Land,828880,0,0.32,0.,42.712309,-98.086861
2910,01507567,Port Gamble Off-Reservation Trust Land,207938,0,0.08,0.,47.836469,-122.537764
2910,01507567,Port Gamble Reservation,6554230,0,2.531,0.,47.847912,-122.558123
2925,01507571,Port Madison Reservation,31289129,0,12.081,0.,47.738006,-122.553227
2980,01934332,Prairie Band of Potawatomi Nation Reservation,314701434,174485,121.507,0.067,39.347301,-95.839787
2985,00654519,Prairie Island Indian Community,2233132,171952,0.862,0.066,44.635307,-92.656503
2985,00654519,Prairie Island Off-Reservation Trust Land,8140873,3282040,3.143,1.267,44.645851,-92.684768
2990,00937193,Pojoaque Off-Reservation Trust Land,693787,0,0.268,0.,35.84955,-105.997375
2990,00937193,Pueblo of Pojoaque,54748558,0,21.139,0.,35.893489,-106.026271
3000,01514929,Puyallup Off-Reservation Trust Land,166785,172029,0.064,0.066,47.280702,-122.392421
3000,01514929,Puyallup Reservation,73837939,1990403,28.509,0.768,47.24482,-122.369614
3010,00857503,Pyramid Lake Paiute Reservation,1438608765,450821534,555.45,174.063,40.033103,-119.492135
3020,00265103,Quartz Valley Off-Reservation Trust Land,420838,15011,0.162,0.006,41.590864,-122.97988
3020,00265103,Quartz Valley Reservation,2451478,0,0.947,0.,41.611483,-122.972359
3030,01511646,Quileute Reservation,4078881,153768,1.575,0.059,47.906402,-124.621813
3040,01531838,Quinault Reservation,809795131,29527388,312.664,11.401,47.41918,-124.140366
3070,00273181,Ramona Village,2195131,14944,0.848,0.006,33.606358,-116.702938
3085,01577204,Red Cliff Off-Reservation Trust Land,2148234,0,0.829,0.,46.886428,-90.804805
3085,01577204,Red Cliff Reservation,56847406,351028,21.949,0.136,46.92069,-90.986965
3095,01682404,Redding Rancheria,106381,151,0.041,0.,40.506673,-122.38375
3100,01934331,Red Lake Reservation,2287222731,977029574,883.102,377.233,48.143126,-95.163114
3115,00231455,Redwood Valley Rancheria,1095256,0,0.423,0.,39.290187,-123.179714
3130,00853944,Reno-Sparks Indian Colony,64985695,0,25.091,0.,39.710767,-119.761987
3130,00853944,Reno-Sparks Off-Reservation Trust Land,96348,0,0.037,0.,39.428525,-119.759259
3145,01657342,Resighini Rancheria,996253,0,0.385,0.,41.514513,-124.016625
3165,00273286,Rincon Off-Reservation Trust Land,2362215,0,0.912,0.,33.26284,-116.935871
3165,00273286,Rincon Reservation,15832640,0,6.113,0.,33.263868,-116.959234
3185,00265444,Roaring Creek Rancheria,331930,234,0.128,0.,40.893312,-121.953475
3195,00234577,Robinson Off-Reservation Trust Land,92040,0,0.036,0.,39.052225,-122.937629
3195,00234577,Robinson Rancheria,725296,6661,0.28,0.003,39.139922,-122.880654
3205,00767936,Rocky Boy's Off-Reservation Trust Land,215377917,133221,83.158,0.051,48.322586,-109.902401
3205,00767936,Rocky Boy's Reservation,227997389,306432,88.03,0.118,48.210417,-109.769017
3220,00231831,Rohnerville Rancheria,176274,0,0.068,0.,40.57991,-124.12376
3235,01266248,Rosebud Indian Reservation,3596445663,5854544,1388.595,2.26,43.208794,-100.707664
3235,01266248,Rosebud Off-Reservation Trust Land,1509986950,4247176,583.009,1.64,43.533538,-100.504082
3250,00267196,Round Valley Off-Reservation Trust Land,63372001,127157,24.468,0.049,39.893949,-123.369055
3250,00267196,Round Valley Reservation,30320904,11491,11.707,0.004,39.86422,-123.188371
3265,00232012,Rumsey Indian Rancheria,1954498,0,0.755,0.,38.738079,-122.132463
3280,00463420,Sac and Fox/Meskwaki Off-Reservation Trust Land,946792,0,0.366,0.,41.945628,-92.639991
3280,00463420,Sac and Fox/Meskwaki Settlement,25829960,0,9.973,0.,41.980456,-92.649824
3285,00479832,Sac and Fox Nation Off-Reservation Trust Land,1592651,0,0.615,0.,39.716688,-95.739785
3285,00479832,Sac and Fox Nation Reservation,59692871,0,23.048,0.,40.009482,-95.513078
3305,01843172,St. Croix Off-Reservation Trust Land,1482986,112902,0.573,0.044,46.008594,-92.361167
3305,01843172,St. Croix Reservation,8116362,147462,3.134,0.057,45.522792,-92.275022
3320,00979449,St. Regis Mohawk Reservation,49055456,5306039,18.94,2.049,44.978707,-74.643075
3340,00037072,Salt River Reservation,213470137,7331902,82.421,2.831,33.522201,-111.798109
3355,00024000,San Carlos Reservation,7518253119,62470375,2902.814,24.12,33.316371,-110.193494
3370,01934343,Sandia Pueblo,99012568,1013094,38.229,0.391,35.242821,-106.52447
3400,00910614,San Felipe Pueblo,206204425,1030782,79.616,0.398,35.424856,-106.431823
3415,00918342,San Ildefonso Off-Reservation Trust Land,8710682,0,3.363,0.,35.881322,-106.216567
3415,00918342,San Ildefonso Pueblo,113245061,541909,43.724,0.209,35.885154,-106.1457
3445,00248904,San Manuel Off-Reservation Trust Land,1139012,0,0.44,0.,34.148105,-117.211312
3445,00248904,San Manuel Reservation,2781793,0,1.074,0.,34.156617,-117.217585
3460,00255933,San Pasqual Reservation,5793777,0,2.237,0.,33.21119,-116.962731
3480,01934345,Santa Ana Pueblo,261508404,358738,100.969,0.139,35.43056,-106.587407
3495,00937196,Santa Clara Off-Reservation Trust Land,4928032,0,1.903,0.,35.959041,-106.229796
3495,00937196,Santa Clara Pueblo,198866002,650195,76.783,0.251,35.974588,-106.189371
3520,00247949,Santa Rosa Rancheria,1620467,0,0.626,0.,36.236111,-119.755133
3525,01934330,Santa Rosa Reservation,44189655,0,17.062,0.,33.55646,-116.529196
3540,00249132,Santa Ynez Reservation,629386,0,0.243,0.,34.602733,-120.091417
3550,00255932,Santa Ysabel Reservation,60672763,0,23.426,0.,33.1837,-116.658603
3565,01884912,Santee Reservation,447827823,30051352,172.907,11.603,42.710709,-97.821837
3585,00937201,Santo Domingo Pueblo,274758134,641684,106.085,0.248,35.534142,-106.377155
3625,02419131,Sauk-Suiattle Reservation,188279,0,0.073,0.,48.320199,-121.548556
3635,02419132,Sault Ste. Marie Off-Reservation Trust Land,2788777,0,1.077,0.,46.276212,-84.450514
3635,02419132,Sault Ste. Marie Reservation,2290468,45259,0.884,0.017,46.472698,-84.207969
3665,02419138,Seminole (FL) Trust Land,7841,0,0.003,0.,26.103962,-80.201888
3680,00649741,Shakopee Mdewakanton Sioux Community,1062764,0,0.41,0.,44.753924,-93.452687
3680,00649741,Shakopee Mdewakanton Sioux Off-Reservation Trust Land,7533657,11383,2.909,0.004,44.762223,-93.44688
3735,00232986,Sherwood Valley Off-Reservation Trust Land,580810,0,0.224,0.,39.401795,-123.305707
3735,00232986,Sherwood Valley Rancheria,1422993,0,0.549,0.,39.53705,-123.488332
3750,00233021,Shingle Springs Off-Reservation Trust Land,368891,0,0.142,0.,38.679643,-120.912919
3750,00233021,Shingle Springs Rancheria,641958,0,0.248,0.,38.696728,-120.904873
3780,01508317,Shoalwater Bay Indian Reservation,2699959,595212,1.042,0.23,46.721463,-124.029196
3780,01508317,Shoalwater Bay Off-Reservation Trust Land,927594,0,0.358,0.,46.733557,-124.027298
3795,01155124,Siletz Off-Reservation Trust Land,3070726,0,1.186,0.,44.811594,-123.994746
3795,01155124,Siletz Reservation,16073090,1164,6.206,0.,44.761695,-123.772324
3825,01525866,Skokomish Reservation,21255690,570434,8.207,0.22,47.333319,-123.157568
3840,01445643,Skull Valley Reservation,72932870,0,28.16,0.,40.38742,-112.735813
3855,00274833,Smith River Off-Reservation Trust Land,151552,0,0.059,0.,41.952469,-124.201987
3855,00274833,Smith River Rancheria,657825,0,0.254,0.,41.955404,-124.206444
3860,02419473,Snoqualmie Reservation,229227,0,0.089,0.,47.51919,-121.841581
3870,00249635,Soboba Off-Reservation Trust Land,5391953,54533,2.082,0.021,33.785323,-116.851943
3870,00249635,Soboba Reservation,25786155,399504,9.956,0.154,33.77407,-116.880717
3885,01577206,Sokaogon Chippewa Community,7625890,888166,2.944,0.343,45.491185,-88.990095
3885,01577206,Sokaogon Chippewa Off-Reservation Trust Land,5587135,25301,2.157,0.01,45.509108,-88.994654
3925,00169585,Southern Ute Reservation,2747429008,12071074,1060.788,4.661,37.106402,-107.650125
3930,00861680,South Fork Off-Reservation Trust Land,29336928,0,11.327,0.,40.707978,-115.70856
3930,00861680,South Fork Reservation,39443126,10727,15.229,0.004,40.585387,-115.609984
3935,01934326,Spirit Lake Reservation,1009157800,25326524,389.638,9.779,47.900943,-98.870286
3940,01511576,Spokane Off-Reservation Trust Land,1323747,0,0.511,0.,47.647826,-117.610138
3940,01511576,Spokane Reservation,615340827,31967207,237.584,12.343,47.9291,-118.048128
3955,01508671,Squaxin Island Off-Reservation Trust Land,2189540,79427,0.845,0.031,47.118526,-123.108315
3955,01508671,Squaxin Island Reservation,6481119,0,2.502,0.,47.18994,-122.910978
3970,01934335,Standing Rock Reservation,9242221540,243965990,3568.442,94.196,45.871409,-101.181204
3980,02419480,Stewart Community,11447757,6001,4.42,0.002,39.061769,-119.810093
3985,00235473,Stewarts Point Off-Reservation Trust Land,2057011,0,0.794,0.,38.651586,-123.326793
3985,00235473,Stewarts Point Rancheria,171789,0,0.066,0.,38.656603,-123.33902
4000,02419481,Stillaguamish Off-Reservation Trust Land,3483121,0,1.345,0.,48.212767,-122.186867
4000,02419481,Stillaguamish Reservation,111048,0,0.043,0.,48.214375,-122.186347
4015,01577203,Stockbridge Munsee Community,61058563,95813,23.575,0.037,44.910591,-88.888531
4015,01577203,Stockbridge Munsee Off-Reservation Trust Land,5677396,27194,2.192,0.01,44.863446,-88.897721
4030,00267889,Sulphur Bank Rancheria,193613,23476,0.075,0.009,39.008585,-122.670785
4045,00858261,Summit Lake Off-Reservation Trust Land,1034333,0,0.399,0.,41.508075,-119.100024
4045,00858261,Summit Lake Reservation,48222494,1837377,18.619,0.709,41.525736,-119.047384
4060,00235836,Susanville Indian Rancheria,4145410,0,1.601,0.,40.444271,-120.644497
4060,00235836,Susanville Off-Reservation Trust Land,1495466,0,0.577,0.,40.44777,-120.617177
4075,01528418,Swinomish Off-Reservation Trust Land,304,277,0.,0.,48.389628,-122.498255
4075,01528418,Swinomish Reservation,30854609,23640559,11.913,9.128,48.415402,-122.536395
4090,00273630,Sycuan Off-Reservation Trust Land,6667077,0,2.574,0.,32.781064,-116.853474
4090,00273630,Sycuan Reservation,2560687,0,0.989,0.,32.779539,-116.832623
4095,01665550,Table Bluff Reservation,305520,0,0.118,0.,40.69065,-124.25218
4110,02419484,Table Mountain Rancheria,551202,0,0.213,0.,36.984891,-119.635956
4130,02419488,Tampa Reservation,187716,1837,0.072,0.001,27.993516,-82.370901
4140,01934342,Taos Off-Reservation Trust Land,3167759,0,1.223,0.,36.422933,-105.59636
4140,01934342,Taos Pueblo,401232451,154305,154.917,0.06,36.472695,-105.525024
4170,00937203,Tesuque Off-Reservation Trust Land,1202721,0,0.464,0.,35.804097,-105.830945
4170,00937203,Tesuque Pueblo,68548064,0,26.467,0.,35.802926,-105.976181
4180,02419492,Timbi-Sha Shoshone Off-Reservation Trust Land,1353586,0,0.523,0.,36.447935,-116.870257
4180,02419492,Timbi-Sha Shoshone Reservation,31762611,0,12.264,0.,37.445637,-117.524741
4200,00023763,Tohono O'odham Nation Off-Reservation Trust Land,159818,0,0.062,0.,32.963786,-112.718679
4200,00023763,Tohono O'odham Nation Reservation,11533940550,883039,4453.28,0.341,32.150036,-112.070402
4225,00979554,Tonawanda Reservation,30561278,180036,11.8,0.07,43.074127,-78.452884
4235,00032748,Tonto Apache Off-Reservation Trust Land,1111003,0,0.429,0.,34.221087,-111.320817
4235,00032748,Tonto Apache Reservation,391178,0,0.151,0.,34.220943,-111.328373
4255,00255924,Torres-Martinez Reservation,88623713,38962138,34.218,15.043,33.358682,-116.005312
4275,00268407,Trinidad Off-Reservation Trust Land,139583,0,0.054,0.,40.980438,-124.090032
4275,00268407,Trinidad Rancheria,230909,0,0.089,0.,41.054223,-124.130492
4290,01511575,Tulalip Off-Reservation Trust Land,107325,0,0.041,0.,48.096906,-122.180551
4290,01511575,Tulalip Reservation,89874022,45276316,34.701,17.481,48.077043,-122.260958
4300,00275158,Tule River Off-Reservation Trust Land,206278,0,0.08,0.,36.090759,-118.880501
4300,00275158,Tule River Reservation,218116281,927,84.215,0.,36.045345,-118.730204
4315,02419503,Tunica-Biloxi Off-Reservation Trust Land,1460729,0,0.564,0.,31.101269,-92.052637
4315,02419503,Tunica-Biloxi Reservation,1689054,0,0.652,0.,31.113221,-92.053601
4330,00236635,Tuolumne Rancheria,1539777,0,0.595,0.,37.980781,-120.237944
4345,01934334,Turtle Mountain Off-Reservation Trust Land,414308031,14566075,159.965,5.624,48.701881,-104.677973
4345,01934334,Turtle Mountain Reservation,174822220,11221901,67.499,4.333,48.862241,-99.794365
4360,00979564,Tuscarora Nation Reservation,23524717,0,9.083,0.,43.162883,-78.950865
4375,00250737,Twenty-Nine Palms Off-Reservation Trust Land,204419,0,0.079,0.,33.712289,-116.179707
4375,00250737,Twenty-Nine Palms Reservation,1647478,0,0.636,0.,33.710595,-116.187725
4390,01448012,Uintah and Ouray Off-Reservation Trust Land,3305314,33918,1.276,0.013,39.589907,-111.089462
4390,01448012,Uintah and Ouray Reservation,17538824160,132099977,6771.778,51.004,40.293577,-111.298191
4405,01159100,Umatilla Off-Reservation Trust Land,13860941,35639,5.352,0.014,45.905524,-119.24482
4405,01159100,Umatilla Reservation,700326729,0,270.398,0.,45.627276,-118.544264
4430,01654496,Upper Lake Rancheria,1918813,8580,0.741,0.003,39.185265,-122.919206
4445,00653567,Upper Sioux Community,5200533,115487,2.008,0.045,44.760252,-95.499622
4445,00653567,Upper Sioux Off-Reservation Trust Land,764361,0,0.295,0.,44.766752,-95.537017
4455,02419510,Upper Skagit Off-Reservation Trust Land,3141222,0,1.213,0.,48.564536,-122.335435
4455,02419510,Upper Skagit Reservation,455129,0,0.176,0.,48.53985,-122.192205
4470,00169579,Ute Mountain Off-Reservation Trust Land,30138642,0,11.637,0.,37.723778,-109.662137
4470,00169579,Ute Mountain Reservation,2302794271,354826,889.114,0.137,37.097125,-108.650152
4500,00251037,Viejas Off-Reservation Trust Land,370690,0,0.143,0.,32.859703,-116.70523
4500,00251037,Viejas Reservation,6495773,0,2.508,0.,32.850146,-116.692557
4515,00857504,Walker River Reservation,1367746294,7784371,528.09,3.006,38.975737,-118.730578
4530,02419514,Wampanoag-Aquinnah Trust Land,1903942,21663,0.735,0.008,41.346455,-70.78627
4545,01133438,Warm Springs Off-Reservation Trust Land,22064556,0,8.519,0.,45.651018,-120.478628
4545,01133438,Warm Springs Reservation,2617013937,10698881,1010.435,4.131,44.868682,-121.443231
4560,02419516,Washoe Ranches Trust Land,375530043,2705893,144.993,1.045,38.874042,-119.564603
4580,00849846,Wells Colony,328255,0,0.127,0.,41.117016,-114.979017
4595,01934333,White Earth Off-Reservation Trust Land,10177605,186669,3.93,0.072,47.155775,-95.310827
4595,01934333,White Earth Reservation,2832571005,179608137,1093.662,69.347,47.21196,-95.727525
4610,01597068,Wind River Off-Reservation Trust Land,20438904,0,7.892,0.,43.728538,-108.536707
4610,01597068,Wind River Reservation,8978352494,150318742,3466.561,58.038,43.272382,-108.844496
4625,00834982,Winnebago Off-Reservation Trust Land,464635,0,0.179,0.,41.687493,-96.371059
4625,00834982,Winnebago Reservation,457887058,2944351,176.791,1.137,42.225627,-96.596102
4635,00849652,Winnemucca Indian Colony,1441447,0,0.557,0.,40.953163,-117.721199
4665,01985241,Woodfords Community,1578715,0,0.61,0.,38.800485,-119.794153
4680,00252581,XL Ranch Rancheria,39457225,41930,15.235,0.016,41.551128,-120.45283
4690,01502906,Yakama Nation Off-Reservation Trust Land,85211546,0,32.9,0.,45.867546,-119.919398
4690,01502906,Yakama Nation Reservation,5577562425,4239523,2153.509,1.637,46.268306,-120.754434
4700,01891160,Yankton Reservation,1723553384,49380242,665.468,19.066,43.103416,-98.374242
4708,00027214,Yavapai-Apache Nation Reservation,2631853,0,1.016,0.,34.619457,-111.895724
4710,00036443,Yavapai-Prescott Reservation,5704649,0,2.203,0.,34.550689,-112.435038
4725,00848133,Yerington Colony,81231,0,0.031,0.,38.980845,-119.170909
4740,00862119,Yomba Reservation,18911932,11308,7.302,0.004,38.908159,-117.490804
4755,02419529,Ysleta del Sur Off-Reservation Trust Land,12756710,0,4.925,0.,31.90807,-106.017884
4755,02419529,Ysleta del Sur Pueblo,299406,0,0.116,0.,31.926018,-106.037909
4760,02419530,Yurok Reservation,217781851,8668719,84.086,3.347,41.379129,-123.902233
4770,01934347,Zia Off-Reservation Trust Land,8525601,0,3.292,0.,35.49557,-106.797906
4770,01934347,Zia Pueblo,486398589,115707,187.8,0.045,35.561562,-106.744243
4785,01934346,Zuni Off-Reservation Trust Land,171535630,0,66.23,0.,34.7573,-108.929676
4785,01934346,Zuni Reservation,1705153540,2906813,658.363,1.122,35.039966,-108.748778
4910,02418987,Kickapoo (KS) Reservation/Sac and Fox Nation Trust Land joint-use area,1060454,0,0.409,0.,39.701014,-95.720903
4930,02419124,San Felipe Pueblo/Santa Ana Pueblo joint-use area,2785130,0,1.075,0.,35.362729,-106.494541
4940,02419125,San Felipe Pueblo/Santo Domingo Pueblo joint-use area,3207220,0,1.238,0.,35.473865,-106.371592
5003,02634609,Anahola (Agricultural) Hawaiian Home Land,2076473,5227,0.802,0.002,22.144069,-159.318773
5004,02634610,Anahola (Residential) Hawaiian Home Land,14577614,73631,5.628,0.028,22.135175,-159.332381
5008,02634611,East Kapolei Hawaiian Home Land,857877,0,0.331,0.,21.349922,-158.043849
5009,02634612,Haiku Hawaiian Home Land,584613,0,0.226,0.,21.405972,-157.827191
5011,00359057,Hanapepe Hawaiian Home Land,1474122,0,0.569,0.,21.915832,-159.595777
5018,02634613,Homuula-Upper Piihonua Hawaiian Home Land,250978086,13642,96.903,0.005,19.753596,-155.404951
5026,00359289,Honokaia Hawaiian Home Land,13019793,0,5.027,0.,20.035037,-155.532303
5029,01853346,Honokowai Hawaiian Home Land,3240911,5142,1.251,0.002,20.945981,-156.666887
5030,01853354,Honolulu Makai Hawaiian Home Land,94192,0,0.036,0.,21.336017,-157.896477
5031,01853338,Honomu Hawaiian Home Land,3091503,48050,1.194,0.019,19.852641,-155.139199
5033,01853339,Hoolehua-Palaau Hawaiian Home Land,55963215,0,21.608,0.,21.166029,-157.09578
5041,00359755,Kahikinui Hawaiian Home Land,96495595,0,37.257,0.,20.643377,-156.275632
5043,02634614,Kakaina-Kumuhau Hawaiian Home Land,84090,0,0.032,0.,21.34516,-157.726157
5044,02634615,Kalaeloa Hawaiian Home Land,2318082,0,0.895,0.,21.318311,-158.081029
5046,01853005,Kalamaula Hawaiian Home Land,20578985,0,7.946,0.,21.125236,-157.023625
5051,00360095,Kalaupapa Hawaiian Home Land,5027873,0,1.941,0.,21.184573,-156.984057
5053,02634616,Kalawahine Hawaiian Home Land,191538,0,0.074,0.,21.31635,-157.835171
5056,01853340,Kamaoa-Puueo Hawaiian Home Land,45555656,0,17.589,0.,18.961491,-155.653039
5061,02634617,Kamiloloa-Makakupaia Hawaiian Home Land,13149034,158134,5.077,0.061,21.099131,-156.966641
5066,01853341,Kamoku-Kapulena Hawaiian Home Land,19349738,6270,7.471,0.002,20.04757,-155.559798
5067,02634618,Kanehili Hawaiian Home Land,279722,0,0.108,0.,21.341098,-158.055494
5069,00362767,Kaohe-Olaa Hawaiian Home Land,2753056,0,1.063,0.,19.488321,-155.192263
5071,00360456,Kapaa Hawaiian Home Land,70824,0,0.027,0.,22.077846,-159.317697
5076,00360469,Kapaakea Hawaiian Home Land,7918049,0,3.057,0.,21.106146,-156.989803
5083,02414178,Kapolei Hawaiian Home Land,363048,0,0.14,0.,21.334214,-158.052658
5086,00360700,Kaumana Hawaiian Home Land,72612,0,0.028,0.,19.68425,-155.139665
5088,02634619,Kaupea Hawaiian Home Land,216739,0,0.084,0.,21.32935,-158.0619
5091,01853020,Kawaihae Hawaiian Home Land,41407083,0,15.987,0.,20.072836,-155.797556
5098,02634620,Keahuolu Hawaiian Home Land,613892,0,0.237,0.,19.662499,-155.98425
5101,01853342,Kealakehe Hawaiian Home Land,2884021,0,1.114,0.,19.672681,-155.995565
5104,00360975,Keanae-Wailua Hawaiian Home Land,995339,0,0.384,0.,20.842141,-156.147086
5106,01853343,Keaukaha Hawaiian Home Land,6833041,0,2.638,0.,19.724914,-155.014825
5111,01853344,Kekaha Hawaiian Home Land,205241,0,0.079,0.,21.971911,-159.72011
5114,02634621,Keokea (Agricultural) Hawaiian Home Land,9981356,0,3.854,0.,20.719964,-156.385123
5116,00361139,Keoniki Hawaiian Home Land,934537,0,0.361,0.,20.038959,-155.69665
5120,02634622,Kewalo Hawaiian Home Land,51428,0,0.02,0.,21.314112,-157.838958
5123,00360067,Kolaoa Hawaiian Home Land,1944856,0,0.751,0.,19.719268,-156.024969
5133,02414179,Lalamilo Hawaiian Home Land,1004345,0,0.388,0.,20.024043,-155.706364
5134,02634623,Lanai City Hawaiian Home Land,190176,0,0.073,0.,20.827381,-156.928378
5135,02634624,Leialii Hawaiian Home Land,296200,0,0.114,0.,20.903268,-156.681424
5136,00361918,Lualualei Hawaiian Home Land,1830493,117026,0.707,0.045,21.459669,-158.152959
5138,02634625,Maili Hawaiian Home Land,362369,0,0.14,0.,21.412896,-158.170062
5139,02634626,Makaha Valley Hawaiian Home Land,955026,0,0.369,0.,21.473136,-158.194784
5146,00362126,Makuu Hawaiian Home Land,8898121,0,3.436,0.,19.526878,-154.963996
5148,02634627,Maluohai Hawaiian Home Land,153042,0,0.059,0.,21.331016,-158.068357
5156,00362464,Moloaa Hawaiian Home Land,1398328,0,0.54,0.,22.178329,-159.356184
5161,00362574,Nanakuli Hawaiian Home Land,9342729,6042,3.607,0.002,21.392886,-158.11847
5166,00362640,Nienie Hawaiian Home Land,28726576,0,11.091,0.,20.010342,-155.512626
5176,01853349,Panaewa (Agricultural) Hawaiian Home Land,6864225,19097,2.65,0.007,19.685587,-155.049994
5177,01853352,Panaewa (Residential) Hawaiian Home Land,494132,0,0.191,0.,19.692773,-155.060141
5179,02634628,Papakolea Hawaiian Home Land,499996,0,0.193,0.,21.317588,-157.838393
5181,00363180,Pauahi Hawaiian Home Land,2237110,0,0.864,0.,20.047356,-155.718785
5186,01853350,Paukukalo Hawaiian Home Land,252395,0,0.097,0.,20.906713,-156.492789
5188,02634629,Pearl City Hawaiian Home Land,94785,0,0.037,0.,21.403994,-157.978991
5193,02634630,Piihonua Hawaiian Home Land,21251,0,0.008,0.,19.715555,-155.106199
5196,02634631,Ponohawaii Hawaiian Home Land,3727,0,0.001,0.,19.706272,-155.085285
5198,02634632,Princess Kahanu Estates Hawaiian Home Land,215013,0,0.083,0.,21.396611,-158.157012
5199,02414182,Pulehunui Hawaiian Home Land,1587124,0,0.613,0.,20.812714,-156.463468
5201,00364148,Puukapu Hawaiian Home Land,48826569,47815,18.852,0.018,20.010327,-155.625491
5213,01853356,South Maui Hawaiian Home Land,890437,0,0.344,0.,20.603045,-156.420719
5216,01853355,Ualapue Hawaiian Home Land,1658281,0,0.64,0.,21.071699,-156.834918
5222,02634633,Upolu Hawaiian Home Land,142285,0,0.055,0.,20.249467,-155.886926
5223,02634634,Waiahole Hawaiian Home Land,74572,0,0.029,0.,21.484861,-157.865524
5236,00364489,Waiakea Hawaiian Home Land,5606652,0,2.165,0.,19.702023,-155.054064
5238,01853126,Waianae Hawaiian Home Land,1497781,0,0.578,0.,21.461591,-158.159417
5239,02634648,Waianae Kai Hawaiian Home Land,101577,0,0.039,0.,21.438513,-158.177043
5241,00364587,Waiehu Hawaiian Home Land,524527,0,0.203,0.,20.926819,-156.504017
5248,02634649,Waiku-Hana Hawaiian Home Land,2981190,0,1.151,0.,20.774229,-156.013157
5251,00364713,Wailau Hawaiian Home Land,258239,0,0.1,0.,19.144612,-155.517112
5256,00364740,Wailua Hawaiian Home Land,2201622,0,0.85,0.,22.035905,-159.34435
5271,00364774,Waimanalo Hawaiian Home Land,8174591,0,3.156,0.,21.32286,-157.675845
5276,00364785,Waimanu Hawaiian Home Land,835382,0,0.323,0.,20.135538,-155.640513
5281,02414262,Waimea Hawaiian Home Land,61023810,13039,23.561,0.005,22.042268,-159.71386
5283,00364821,Waiohinu Hawaiian Home Land,1116534,0,0.431,0.,19.073574,-155.620234
5286,01853042,Waiohuli (Residential) Hawaiian Home Land,14917552,0,5.76,0.,20.734603,-156.375693
5540,01925075,Caddo-Wichita-Delaware OTSA,2658761224,29373575,1026.553,11.341,35.315555,-98.346331
5550,02418810,Cherokee OTSA,17336834571,697752088,6693.79,269.404,36.223639,-95.184778
5560,02418814,Cheyenne-Arapaho OTSA,21022624982,153978572,8116.881,59.451,35.688271,-98.953825
5580,02418818,Chickasaw OTSA,18830753454,486564732,7270.595,187.864,34.470319,-97.234121
5590,02418833,Choctaw OTSA,27462074477,733864931,10603.167,283.347,34.509032,-95.443464
5600,01925074,Citizen Potawatomi Nation-Absentee Shawnee OTSA,2892248158,44353073,1116.703,17.125,35.202443,-97.076628
5620,01925077,Creek OTSA,11988542507,407249018,4628.802,157.24,35.667568,-96.018255
5640,02418563,Eastern Shawnee OTSA,52696544,992842,20.346,0.383,36.849605,-94.689084
5670,01925066,Iowa OTSA,923602145,8419460,356.605,3.251,35.818465,-97.078647
5690,01925070,Kaw OTSA,1233499760,53326048,476.257,20.589,36.890297,-97.022471
5700,02418651,Kickapoo OTSA,646346336,6492801,249.556,2.507,35.53946,-97.025242
5720,02418654,Kiowa-Comanche-Apache-Fort Sill Apache OTSA,16454048336,196845011,6352.944,76.002,34.657077,-98.896533
5730,02418711,Miami OTSA,71767198,921910,27.709,0.356,36.969969,-94.961824
5740,02418715,Modoc OTSA,16173615,0,6.245,0.,36.861855,-94.640844
5760,01925068,Otoe-Missouria OTSA,498170066,25543738,192.345,9.862,36.422359,-97.086811
5770,02419159,Ottawa OTSA,60617997,1494725,23.405,0.577,36.848953,-94.796285
5780,01925076,Pawnee OTSA,1333503150,56294119,514.868,21.735,36.309544,-96.67651
5795,02419165,Peoria OTSA,101791845,364779,39.302,0.141,36.900937,-94.744423
5800,02419180,Ponca OTSA,423602747,8795876,163.554,3.396,36.588226,-97.097763
5810,02419193,Quapaw OTSA,223775563,1225798,86.4,0.473,36.963317,-94.766266
5820,01925067,Sac and Fox OTSA,1914407202,28521830,739.157,11.012,35.716808,-96.779438
5830,01925073,Seminole OTSA,1470207690,18963087,567.65,7.322,35.163105,-96.625947
5835,02419214,Seneca-Cayuga OTSA,187237253,28414160,72.293,10.971,36.692032,-94.678826
5860,01925069,Tonkawa OTSA,369073633,2754157,142.5,1.063,36.678641,-97.352219
5890,02419290,Wyandotte OTSA,84411861,3943307,32.592,1.523,36.796032,-94.706961
5915,01925072,Creek/Seminole joint-use OTSA,168833154,815821,65.187,0.315,35.282832,-96.4646
5950,02418647,Kaw/Ponca joint-use OTSA,281605234,4415107,108.728,1.705,36.745803,-97.135071
5955,02418655,Kiowa-Comanche-Apache-Ft Sill Apache/Caddo-Wichita-Delaware joint-use OTSA,499508319,1557225,192.861,0.601,35.057593,-98.31761
5970,02418712,Miami/Peoria joint-use OTSA,32217419,439979,12.439,0.17,36.901454,-94.920374
6015,02418754,Akhiok ANVSA,19166808,5724762,7.4,2.21,56.948329,-154.215306
6020,02418755,Akiachak ANVSA,39933545,2710715,15.418,1.047,60.895628,-161.418623
6025,02418757,Akiak ANVSA,2173230,15267,0.839,0.006,60.910054,-161.225173
6030,02418758,Akutan ANVSA,3737114,239023,1.443,0.092,54.138573,-165.791414
6035,02418759,Alakanuk ANVSA,78603778,23890262,30.349,9.224,62.710997,-164.649719
6040,02418760,Alatna ANVSA,46610200,937816,17.996,0.362,66.563762,-152.767992
6045,02418763,Aleknagik ANVSA,32927579,17639044,12.713,6.81,59.288961,-158.664343
6065,02418765,Algaaciq ANVSA,5565945,670705,2.149,0.259,62.066045,-163.159856
6070,02418766,Allakaket ANVSA,22544588,1058889,8.705,0.409,66.538287,-152.623394
6075,02418768,Ambler ANVSA,23327798,3935852,9.007,1.52,67.090946,-157.887094
6080,02418769,Anaktuvuk Pass ANVSA,12522569,139518,4.835,0.054,68.149752,-151.697066
6095,02418771,Andreafsky ANVSA,66905506,6000827,25.832,2.317,62.062774,-163.244258
6100,02418772,Angoon ANVSA,63220246,37190164,24.409,14.359,57.441021,-134.478629
6105,02418773,Aniak ANVSA,30646940,6020642,11.833,2.325,61.568155,-159.501323
6125,02418774,Anvik ANVSA,25021638,5942364,9.661,2.294,62.631627,-160.215106
6140,02418776,Arctic Village ANVSA,30562618,9436650,11.8,3.644,68.087271,-145.65085
6150,02418779,Atka ANVSA,20650666,168,7.973,0.,52.22465,-174.19846
6160,02418780,Atmautluak ANVSA,1565431,1164413,0.604,0.45,60.860891,-162.271154
6165,02418782,Atqasuk ANVSA,100180813,9365008,38.68,3.616,70.480786,-157.325459
6175,02418784,Barrow ANVSA,48834111,6843957,18.855,2.642,71.251679,-156.800524
6190,02418786,Beaver ANVSA,53142252,1362789,20.518,0.526,66.384745,-147.287756
6195,02418788,Belkofski ANVSA,6911440,2007141,2.669,0.775,55.091291,-162.041899
6205,02418790,Bethel ANVSA,111843942,14303356,43.183,5.523,60.793873,-161.796036
6225,02418793,Bill Moore's ANVSA,6325331,0,2.442,0.,62.943662,-163.781132
6235,02418794,Birch Creek ANVSA,20900149,545229,8.07,0.211,66.268331,-145.876391
6240,02418796,Brevig Mission ANVSA,6622661,187741,2.557,0.072,65.343196,-166.508946
6250,02418797,Buckland ANVSA,2205782,385080,0.852,0.149,65.976494,-161.138804
6255,02418800,Cantwell ANVSA,261627803,150364,101.015,0.058,63.411396,-148.749621
6257,02575178,Canyon Village ANVSA,79690839,8157677,30.769,3.15,67.18057,-142.049514
6265,02418804,Chalkyitsik ANVSA,22022281,667826,8.503,0.258,66.646753,-143.789298
6275,02418807,Chefornak ANVSA,13584552,1927986,5.245,0.744,60.151962,-164.252088
6280,02418808,Chenega ANVSA,75848949,716582,29.285,0.277,60.091954,-147.994697
6285,02418813,Chevak ANVSA,2961340,0,1.143,0.,61.529559,-165.594127
6290,02418816,Chickaloon ANVSA,15429838965,156948477,5957.494,60.598,62.251446,-148.009463
6295,02418820,Chignik ANVSA,28173206,12883324,10.878,4.974,56.295721,-158.402943
6300,02418821,Chignik Lagoon ANVSA,34319193,0,13.251,0.,56.304267,-158.500259
6305,02418823,Chignik Lake ANVSA,40605810,9482720,15.678,3.661,56.273221,-158.793376
6310,02418825,Chilkat ANVSA,3948242,1361999,1.524,0.526,59.399876,-135.89183
6315,02418826,Chilkoot ANVSA,1224855,0,0.473,0.,59.224756,-135.445011
6325,02418829,Chistochina ANVSA,69332424,63188,26.769,0.024,62.60459,-144.604564
6330,02418831,Chitina ANVSA,308832261,476310,119.241,0.184,61.527089,-144.51151
6335,02418834,Chuathbaluk ANVSA,11576336,4543930,4.47,1.754,61.574315,-159.248088
6340,02418835,Chulloonawick ANVSA,92519994,26596223,35.722,10.269,62.930286,-164.085202
6350,02418836,Circle ANVSA,274634016,1398608,106.037,0.54,65.838593,-144.17528
6360,02418839,Clarks Point ANVSA,8609626,2033385,3.324,0.785,58.832967,-158.527274
6365,02418846,Copper Center ANVSA,39000396,26445,15.058,0.01,61.995893,-145.351263
6380,02418849,Council ANVSA,55014132,2345326,21.241,0.906,64.889389,-163.589615
6385,02418851,Craig ANVSA,36280175,7282082,14.008,2.812,55.488746,-133.111568
6390,02418852,Crooked Creek ANVSA,258516994,19617629,99.814,7.574,61.796578,-158.08102
6400,02418551,Deering ANVSA,13033986,227322,5.032,0.088,66.069486,-162.764595
6405,02418554,Dillingham ANVSA,183721701,7183648,70.935,2.774,59.13187,-158.567661
6415,02418555,Dot Lake ANVSA,11052893,0,4.268,0.,63.662262,-144.016014
6420,02418558,Douglas ANVSA,198279744,102630,76.556,0.04,58.267275,-134.537882
6430,02418560,Eagle ANVSA,44053519,1685,17.009,0.001,64.737738,-141.130707
6440,02418566,Eek ANVSA,1782266,242697,0.688,0.094,60.216265,-162.041999
6445,02418567,Egegik ANVSA,76539539,98729602,29.552,38.12,58.224788,-157.456539
6450,02418569,Eklutna ANVSA,11685275,10414294,4.512,4.021,61.46676,-149.34114
6455,02418570,Ekuk ANVSA,11084188,0,4.28,0.,58.805201,-158.530238
6460,02418571,Ekwok ANVSA,43368281,3268374,16.745,1.262,59.345782,-157.487023
6470,02575181,Elim ANVSA,795682734,22721141,307.215,8.773,64.677192,-162.323824
6480,02418573,Emmonak ANVSA,11877389,2052508,4.586,0.792,62.77559,-164.50929
6490,02418575,Evansville ANVSA,15748977,68589,6.081,0.026,66.89246,-151.524805
6495,02418578,Eyak ANVSA,35611640,1798509,13.75,0.694,60.544807,-145.610246
6500,02418579,False Pass ANVSA,33061447,0,12.765,0.,54.890097,-163.410644
6515,02418585,Fort Yukon ANVSA,17466358,508298,6.744,0.196,66.58841,-145.227636
6520,02418592,Gakona ANVSA,95004098,29592,36.681,0.011,62.414632,-145.007117
6525,02418594,Galena ANVSA,44469649,16497081,17.17,6.37,64.741422,-156.873394
6530,02418595,Gambell ANVSA,26889036,4672139,10.382,1.804,63.7634,-171.679302
6535,02418598,Georgetown ANVSA,113448802,2902382,43.803,1.121,61.926061,-157.657119
6540,02418601,Golovin ANVSA,9660424,0,3.73,0.,64.563626,-163.00101
6545,02418602,Goodnews Bay ANVSA,8633995,0,3.334,0.,59.127165,-161.575325
6550,02418603,Grayling ANVSA,28363509,14398,10.951,0.006,62.896024,-160.113169
6560,02418604,Gulkana ANVSA,11215291,0,4.33,0.,62.268861,-145.373832
6570,02418609,Hamilton ANVSA,13105564,397340,5.06,0.153,62.891157,-163.853664
6575,02418613,Healy Lake ANVSA,122683828,21452186,47.368,8.283,63.982883,-144.701506
6585,02418617,Holy Cross ANVSA,78187546,18275941,30.188,7.056,62.185095,-159.859045
6590,02418618,Hoonah ANVSA,15376852,3057568,5.937,1.181,58.122234,-135.431887
6595,02418619,Hooper Bay ANVSA,19418103,78618,7.497,0.03,61.509096,-166.111366
6605,02418621,Hughes ANVSA,10584090,2297316,4.087,0.887,66.051578,-154.232791
6610,02418622,Huslia ANVSA,42557560,1672801,16.432,0.646,65.705524,-156.310954
6615,02418623,Hydaburg ANVSA,741929,20743,0.286,0.008,55.205842,-132.820438
6620,02418625,Igiugig ANVSA,54582329,2714517,21.074,1.048,59.300938,-155.863194
6625,02418627,Iliamna ANVSA,96392427,1213528,37.217,0.469,59.778342,-154.883752
6630,02418629,Inalik ANVSA,6297821,0,2.432,0.,65.753924,-168.922577
6650,02418632,Ivanof Bay ANVSA,10860667,0,4.193,0.,55.918199,-159.493298
6670,02418635,Kake ANVSA,19872185,15107530,7.673,5.833,56.97532,-133.903663
6680,02418636,Kaktovik ANVSA,1869965,583166,0.722,0.225,70.121452,-143.629435
6685,02418638,Kalskag ANVSA,9207867,1151759,3.555,0.445,61.539538,-160.349204
6690,02418639,Kaltag ANVSA,55981046,15531679,21.614,5.997,64.314183,-158.778512
6700,02418641,Karluk ANVSA,63843525,2133122,24.65,0.824,57.590981,-154.363413
6705,02418643,Kasaan ANVSA,15703414,1904849,6.063,0.735,55.561145,-132.406834
6710,02418644,Kasigluk ANVSA,30641781,2692770,11.831,1.04,60.863877,-162.536441
6720,02418648,Kenaitze ANVSA,5074300402,251600630,1959.198,97.144,60.511638,-150.620981
6725,02575182,Ketchikan ANVSA,55761372,242106,21.53,0.093,55.371068,-131.6691
6730,02418650,Kiana ANVSA,2805018,0,1.083,0.,66.978607,-160.431777
6735,02418652,King Cove ANVSA,30403449,6351368,11.739,2.452,55.056724,-162.268619
6740,02575183,King Salmon ANVSA,26032495,302763,10.051,0.117,58.718961,-156.717719
6750,02418656,Kipnuk ANVSA,51776426,821797,19.991,0.317,59.936455,-164.061832
6755,02418658,Kivalina ANVSA,3874014,6384955,1.496,2.465,67.727054,-164.535591
6765,02418659,Klawock ANVSA,1731425,766139,0.669,0.296,55.552274,-133.096868
6785,02418661,Knik ANVSA,18091596442,985190112,6985.205,380.384,62.054611,-150.335442
6790,02418664,Kobuk ANVSA,40163363,1327064,15.507,0.512,66.923402,-156.904071
6795,02575184,Kodiak ANVSA,126122330,972777,48.696,0.376,57.855388,-152.567928
6800,02418666,Kokhanok ANVSA,53949297,294086,20.83,0.114,59.412085,-154.745949
6810,02418669,Kongiganak ANVSA,4868010,279432,1.88,0.108,59.964458,-162.883103
6815,02418671,Kotlik ANVSA,7501204,1563650,2.896,0.604,63.029205,-163.536259
6820,02418672,Kotzebue ANVSA,63952512,4690482,24.692,1.811,66.876434,-162.51159
6825,02418673,Koyuk ANVSA,12337367,0,4.763,0.,64.939612,-161.151419
6830,02418674,Koyukuk ANVSA,15056409,290257,5.813,0.112,64.902106,-157.693476
6835,02418675,Kwethluk ANVSA,26045608,4036883,10.056,1.559,60.793078,-161.431548
6840,02418676,Kwigillingok ANVSA,61487850,226610,23.741,0.087,59.878441,-163.1768
6845,02418678,Kwinhagak ANVSA,10522509,1615188,4.063,0.624,59.750838,-161.898715
6850,02575185,Lake Minchumina ANVSA,9994937,1038607,3.859,0.401,63.892987,-152.334709
6855,02418682,Larsen Bay ANVSA,10444884,5890617,4.033,2.274,57.529893,-154.001155
6860,02575186,Lesnoi ANVSA,6250339,313897,2.413,0.121,57.784292,-152.334258
6865,02418684,Levelock ANVSA,43319609,0,16.726,0.,59.068246,-156.901021
6875,02418686,Lime Village ANVSA,198111596,5673660,76.491,2.191,61.330481,-155.238321
6890,02418690,Lower Kalskag ANVSA,3222591,1310464,1.244,0.506,61.516286,-160.355598
6895,02418700,McGrath ANVSA,109641715,14527333,42.333,5.609,62.938883,-155.568445
6900,02418694,Manley Hot Springs ANVSA,38991601,0,15.055,0.,65.005862,-150.614693
6905,02418696,Manokotak ANVSA,90937336,2300685,35.111,0.888,59.005023,-159.000118
6910,02418697,Marshall ANVSA,10517006,8501,4.061,0.003,61.871593,-162.061023
6915,02418698,Mary's Igloo ANVSA,1152435,125005,0.445,0.048,65.153439,-165.073375
6935,02418705,Mekoryuk ANVSA,16472057,33631,6.36,0.013,60.370305,-166.26863
6945,02418707,Mentasta Lake ANVSA,97448591,4825148,37.625,1.863,62.909777,-143.711482
6965,02418713,Minto ANVSA,7833798,0,3.025,0.,65.151781,-149.372384
6975,02418719,Mountain Village ANVSA,280033249,82346124,108.121,31.794,62.121302,-163.876357
6990,02418721,Naknek ANVSA,211186474,1716639,81.54,0.663,58.78516,-156.885872
6995,02418725,Nanwalek ANVSA,21716632,35731,8.385,0.014,59.326523,-151.923902
7005,02418727,Napaimute ANVSA,65245345,8317624,25.191,3.211,61.55711,-158.703037
7010,02418728,Napakiak ANVSA,5993194,700793,2.314,0.271,60.688434,-161.980467
7020,02418729,Napaskiak ANVSA,7516425,701550,2.902,0.271,60.702785,-161.753785
7025,02418732,Nelson Lagoon ANVSA,11780943,230843,4.549,0.089,55.975677,-161.312517
7030,02418734,Nenana ANVSA,15101274,148376,5.831,0.057,64.540242,-149.086927
7035,02418738,Newhalen ANVSA,15624671,6386436,6.033,2.466,59.737029,-154.902398
7040,02418736,New Koliganek ANVSA,43311211,889837,16.723,0.344,59.696649,-157.224741
7050,02418737,New Stuyahok ANVSA,87451695,5672588,33.765,2.19,59.485189,-157.309355
7055,02418739,Newtok ANVSA,21554060,304638,8.322,0.118,60.810993,-164.49911
7065,02418741,Nightmute ANVSA,13573022,11658,5.241,0.005,60.483771,-164.704837
7070,02418744,Nikolai ANVSA,11910134,735980,4.599,0.284,62.999115,-154.374944
7075,02418745,Nikolski ANVSA,50877298,1896276,19.644,0.732,52.89817,-168.94282
7080,02418747,Ninilchik ANVSA,2327565906,1373326400,898.678,530.244,60.005876,-151.626247
7085,02418749,Noatak ANVSA,41524645,2125695,16.033,0.821,67.589482,-163.010434
7095,02575187,Nome ANVSA,323981948,22485622,125.09,8.682,64.506408,-165.258689
7100,02419145,Nondalton ANVSA,17489830,737942,6.753,0.285,59.975255,-154.866019
7110,02419146,Noorvik ANVSA,2171090,1107191,0.838,0.427,66.82821,-161.034669
7115,02419147,Northway ANVSA,93061351,8636461,35.931,3.335,62.969769,-141.969155
7125,02419151,Nuiqsut ANVSA,23020445,0,8.888,0.,70.213483,-150.989674
7130,02419152,Nulato ANVSA,107698723,5960363,41.583,2.301,64.691078,-158.275756
7133,02419153,Nunam Iqua ANVSA,31421016,16447199,12.132,6.35,62.506707,-164.90129
7135,02419154,Nunapitchuk ANVSA,18105142,2501649,6.99,0.966,60.881726,-162.46454
7145,02419155,Ohogamiut ANVSA,23208194,66140,8.961,0.026,61.592255,-161.872968
7150,02419156,Old Harbor ANVSA,41927388,16571187,16.188,6.398,57.218798,-153.329674
7175,02419157,Oscarville ANVSA,6642052,495273,2.565,0.191,60.723461,-161.788234
7180,02419160,Ouzinkie ANVSA,33841480,4757281,13.066,1.837,57.910127,-152.382358
7185,02419161,Paimiut ANVSA,65575906,0,25.319,0.,61.724515,-165.764147
7205,02419163,Pedro Bay ANVSA,44190373,5815884,17.062,2.246,59.782161,-154.107931
7215,02419166,Perryville ANVSA,28926603,17584,11.169,0.007,55.934456,-159.155754
7220,02575188,Petersburg ANVSA,6412745,259844,2.476,0.1,56.807658,-132.945043
7225,02419169,Pilot Point ANVSA,21997040,21429,8.493,0.008,57.565584,-157.556498
7230,02419170,Pilot Station ANVSA,4159508,711574,1.606,0.275,61.948174,-162.872644
7235,02419171,Pitkas Point ANVSA,4160639,0,1.606,0.,62.037403,-163.268128
7245,02419173,Platinum ANVSA,66483384,4143386,25.669,1.6,58.996327,-161.766496
7250,02419176,Point Hope ANVSA,12951806,187666,5.001,0.072,68.34421,-166.681159
7255,02419177,Point Lay ANVSA,73847369,9782126,28.513,3.777,69.747562,-163.011133
7260,02419189,Portage Creek ANVSA,33341933,0,12.873,0.,58.904908,-157.669058
7263,02575189,Port Alsworth ANVSA,58425287,385782,22.558,0.149,60.15673,-154.33961
7265,02419184,Port Graham ANVSA,16559024,0,6.393,0.,59.339803,-151.846498
7270,02419186,Port Heiden ANVSA,121120569,1568005,46.765,0.605,56.965296,-158.586074
7275,02419187,Port Lions ANVSA,216084873,57061332,83.431,22.032,57.785275,-152.770569
7300,02419195,Rampart ANVSA,16777293,1473668,6.478,0.569,65.499413,-150.153338
7305,02419197,Red Devil ANVSA,65077919,6991302,25.127,2.699,61.757525,-157.35851
7310,02419201,Ruby ANVSA,18194541,0,7.025,0.,64.72329,-155.50054
7315,02419202,Russian Mission ANVSA,14648690,945542,5.656,0.365,61.778703,-161.362782
7340,02419228,St. George ANVSA,90081562,382086106,34.781,147.524,56.582701,-169.633942
7375,02419229,St. Michael ANVSA,56325559,16363506,21.747,6.318,63.458499,-162.134486
7390,02419230,St. Paul ANVSA,103599431,5961344,40.,2.302,57.178866,-170.323477
7400,02419203,Salamatof ANVSA,20800328,439434,8.031,0.17,60.604212,-151.311289
7410,02419207,Sand Point ANVSA,19830963,552982,7.657,0.214,55.313374,-160.483213
7415,02419208,Savoonga ANVSA,15208048,0,5.872,0.,63.679706,-170.483324
7420,02419209,Saxman ANVSA,2472364,13084,0.955,0.005,55.323556,-131.586333
7425,02419210,Scammon Bay ANVSA,1212565,0,0.468,0.,61.841929,-165.583279
7430,02419211,Selawik ANVSA,6033430,1591051,2.33,0.614,66.59209,-160.002225
7435,02419212,Seldovia ANVSA,34304082,3288581,13.245,1.27,59.455608,-151.664376
7440,02419215,Shageluk ANVSA,26459996,3323884,10.216,1.283,62.661586,-159.551368
7450,02419216,Shaktoolik ANVSA,2680413,32472,1.035,0.013,64.356633,-161.197334
7465,02419217,Shishmaref ANVSA,42678419,4115,16.478,0.002,66.119071,-166.123277
7470,02419218,Shungnak ANVSA,20853330,2410509,8.052,0.931,66.880505,-157.149979
7475,02575190,Sitka ANVSA,6832476,901630,2.638,0.348,57.063834,-135.328825
7485,02575191,Skagway ANVSA,209377422,11735259,80.841,4.531,59.566779,-135.259096
7495,02419223,Sleetmute ANVSA,54760866,13575188,21.143,5.241,61.679303,-157.083468
7500,02419225,Solomon ANVSA,8901133,13565535,3.437,5.238,64.495091,-164.650966
7505,02419226,South Naknek ANVSA,226499836,6301244,87.452,2.433,58.675534,-156.994126
7510,02419232,Stebbins ANVSA,88006909,3944516,33.98,1.523,63.472153,-162.265434
7520,02419234,Stevens Village ANVSA,30174876,3739390,11.651,1.444,66.023711,-149.080307
7525,02419236,Stony River ANVSA,8125438,3677053,3.137,1.42,61.789694,-156.588682
7530,02419241,Takotna ANVSA,61682440,0,23.816,0.,62.982341,-156.084059
7535,02419244,Tanacross ANVSA,204870312,4217785,79.101,1.628,63.328692,-143.486597
7540,02419247,Tanana ANVSA,28595955,12024552,11.041,4.643,65.184004,-152.055102
7555,02419248,Tatitlek ANVSA,18791855,7271334,7.256,2.807,60.894439,-146.668561
7560,02419250,Tazlina ANVSA,31875185,2206775,12.307,0.852,62.066108,-145.44552
7565,02419252,Telida ANVSA,4335608,0,1.674,0.,63.379388,-153.285166
7570,02419253,Teller ANVSA,3865313,487521,1.492,0.188,65.252365,-166.352196
7580,02419255,Tetlin ANVSA,473948546,28316360,182.993,10.933,63.127489,-142.389778
7605,02419257,Togiak ANVSA,122590051,215448136,47.332,83.185,59.049961,-160.400933
7625,02419259,Toksook Bay ANVSA,27232451,81777,10.515,0.032,60.547674,-165.109602
7630,02419263,Tuluksak ANVSA,7569567,254338,2.923,0.098,61.10435,-160.937231
7640,02419265,Tuntutuliak ANVSA,4959683,628063,1.915,0.242,60.344645,-162.663873
7645,02419267,Tununak ANVSA,157228997,620897,60.706,0.24,60.60713,-165.128009
7650,02419269,Twin Hills ANVSA,59318573,348444,22.903,0.135,59.081819,-160.28063
7655,02419272,Tyonek ANVSA,32960617,1695007,12.726,0.654,61.087379,-151.160677
7665,02419274,Ugashik ANVSA,233716443,4172618,90.238,1.611,57.500452,-157.281111
7690,02419276,Unalakleet ANVSA,30752194,5397754,11.873,2.084,63.932903,-160.791123
7695,02419277,Unalaska ANVSA,215494765,6061688,83.203,2.34,53.910799,-166.527446
7725,02575192,Venetie ANVSA,31082571,0,12.001,0.,67.028793,-146.403174
7735,02419281,Wainwright ANVSA,26712260,0,10.314,0.,70.646151,-159.959451
7740,02419282,Wales ANVSA,5966050,121,2.304,0.,65.613232,-168.068313
7745,02419284,White Mountain ANVSA,4705411,564874,1.817,0.218,64.682355,-163.412755
7755,02575193,Wrangell ANVSA,2410841,0,0.931,0.,56.472822,-132.378865
7765,02419292,Yakutat ANVSA,259961401,8696512,100.372,3.358,59.563588,-139.606191
8100,02418802,Cayuga Nation TDSA,98026627,92235454,37.848,35.612,42.790163,-76.714909
8300,02418631,Ione Band of Miwok TDSA,5435996,0,2.099,0.,38.458647,-120.848454
8450,02418703,Mechoopda TDSA,3395737,0,1.311,0.,39.720793,-121.802193
8750,02419206,Samish TDSA,581830537,1402653785,224.646,541.568,48.555359,-122.893979
9100,01930930,Golden Hill Paugussett Reservation,399343,0,0.154,0.,41.552187,-72.26802
9150,02418958,Hassanamisco Reservation,20909,0,0.008,0.,42.212011,-71.704496
9230,01470191,Mattaponi Reservation,279160,31696,0.108,0.012,37.661503,-76.915128
9240,02419024,MOWA Choctaw Reservation,2694225,0,1.04,0.,31.152068,-88.053417
9260,01472036,Pamunkey Reservation,4421855,1958558,1.707,0.756,37.571833,-77.005218
9280,00209709,Paucatuck Eastern Pequot Reservation,924356,59004,0.357,0.023,41.445532,-71.937776
9300,00979384,Poospatuck Reservation,292590,148143,0.113,0.057,40.788914,-72.832568
9350,00210687,Schaghticoke Reservation,1122120,0,0.433,0.,41.692509,-73.509126
9370,00979494,Shinnecock Reservation,3494292,0,1.349,0.,40.873761,-72.43097
9400,02419487,Tama Reservation,365137,2118,0.141,0.001,30.862259,-84.265009
9510,02418753,Adais Caddo SDTSA,378869477,4749622,146.282,1.834,31.558777,-92.99599
9515,02418775,Apache Choctaw SDTSA,221732329,2632989,85.611,1.017,31.631863,-93.656711
9525,02564992,Beaver Creek SDTSA,64936541,265588,25.072,0.103,33.528189,-81.296971
9550,02418812,Cher-O-Creek SDTSA,834682668,2839181,322.273,1.096,31.166131,-85.283265
9560,02418811,Cherokee Tribe of Northeast Alabama SDTSA,88056048,376168,33.999,0.145,34.248348,-86.213227
9580,02418815,Chickahominy SDTSA,134292953,64589,51.851,0.025,37.400993,-77.133801
9630,02418840,Clifton Choctaw SDTSA,126404451,268159,48.805,0.104,31.318254,-92.864613
9635,02418841,Coharie SDTSA,625167074,7932703,241.378,3.063,35.20769,-78.6413
9675,02418562,Eastern Chickahominy SDTSA,5781366,0,2.232,0.,37.436323,-76.973239
9680,02418564,Echota Cherokee SDTSA,1318516892,7819066,509.082,3.019,34.580249,-86.461204
9720,02418587,Four Winds Cherokee SDTSA,567292520,5167079,219.033,1.995,31.111168,-93.358734
9745,02418608,Haliwa-Saponi SDTSA,458420822,1214836,176.997,0.469,36.254672,-77.970827
9800,02575194,Lenape Indian Tribe of Delaware SDTSA,5771948,0,2.229,0.,39.206745,-75.593637
9815,02418691,Lumbee SDTSA,4701864567,22108189,1815.4,8.536,34.791732,-79.162279
9820,02418693,MaChis Lower Creek SDTSA,1730687218,6643797,668.222,2.565,31.332758,-86.004161
9825,02418704,Meherrin SDTSA,84378520,1255589,32.579,0.485,36.336859,-76.948837
9830,02418723,Nanticoke Indian Tribe SDTSA,71722460,223649,27.692,0.086,38.65475,-75.213642
9835,02418724,Nanticoke Lenni Lenape SDTSA,49503257,645972,19.113,0.249,39.406155,-75.186273
9838,02564991,Occaneechi-Saponi SDTSA,241822683,4327712,93.368,1.671,36.177582,-79.253333
9844,02564993,Pee Dee SDTSA,132007505,1831757,50.968,0.707,34.720354,-79.66048
9850,02419194,Ramapough SDTSA,18619479,260904,7.189,0.101,41.144273,-74.27596
9865,02418630,Sappony SDTSA,111353597,10556266,42.994,4.076,36.488039,-78.865439
9875,02564994,Santee SDTSA,19887949,0,7.679,0.,33.352219,-80.38683
9880,02419231,Star Muskogee Creek SDTSA,291590481,810262,112.584,0.313,31.715731,-85.972416
9950,02575195,United Cherokee Ani-Yun-Wiya Nation SDTSA,21835461,2152751,8.431,0.831,34.304311,-86.312527
9960,02419278,United Houma Nation SDTSA,1507165012,64517528,581.92,24.91,29.599958,-90.726653
9963,02564995,Upper South Carolina Pee Dee SDTSA,102270828,90857,39.487,0.035,34.528075,-79.422884
9967,02564996,Waccamaw SDTSA,3318590,10884,1.281,0.004,33.974805,-79.197939
9970,02419280,Waccamaw Siouan SDTSA,116825120,4394,45.106,0.002,34.308142,-78.49455
9975,02584541,Wassamasaw SDTSA,23004475,0,8.882,0.,33.070024,-80.100654
